sample_id,iteration,seed,Percentage of clean tiles,Cleaners,Steps,Movements,Unclean Percentage
0,0,35925291376234963462733323763129608487,0.98,10,100,982,20.0
0,1,113741635797976555126850969775000235196,0.99,10,100,981,20.0
0,2,101071410354640474627920540957424519057,1.0,10,96,940,20.0
0,3,279155649999126003144881095392494491794,0.97,10,100,983,20.0
0,4,116118597942350850915224720722577268036,0.96,10,100,984,20.0
0,5,192016597985044951017041466961312872607,0.99,10,100,981,20.0
0,6,215964508201430723484059133732578547340,0.99,10,100,981,20.0
0,7,165872658100062811468512004764361115627,1.0,10,97,950,20.0
0,8,58082349154604100740572778202872712721,0.99,10,100,981,20.0
0,9,185356130992124610751340689453530903395,0.99,10,100,981,20.0
0,10,7946464783483479056327746561777162550,0.99,10,100,981,20.0
0,11,208190389097152354496007628683791200265,1.0,10,100,980,20.0
0,12,47773488616220244970145002015350253778,0.99,10,100,981,20.0
0,13,249919629781876535255294201167294328039,0.99,10,100,981,20.0
0,14,202602726379412771603001255061867833289,0.99,10,100,981,20.0
0,15,324297430993026471104137361063916116008,0.97,10,100,983,20.0
0,16,175910573288799285185007245130345322464,0.97,10,100,983,20.0
0,17,329942901700437574056713179616919370062,0.95,10,100,985,20.0
0,18,297238753781855620731071370444722198755,1.0,10,85,830,20.0
0,19,64240185197458025991113482411794118035,1.0,10,99,970,20.0
1,0,226299547784120469076877553367581752570,0.98,10,100,980,22.06896551724138
1,1,157296788473502780528867365892701891931,1.0,10,75,728,22.06896551724138
1,2,299235582253579168976826256137033226769,0.99,10,100,979,22.06896551724138
1,3,86970281174183574642446069349093937702,1.0,10,89,868,22.06896551724138
1,4,96108233013544501930871188749543521168,1.0,10,98,958,22.06896551724138
1,5,250007803219526712135999780928467754130,0.99,10,100,979,22.06896551724138
1,6,193788818746527303755574317910184453556,0.98,10,100,980,22.06896551724138
1,7,259283495883079051058586191476410384783,1.0,10,81,788,22.06896551724138
1,8,127401152582384346190211438068011469665,0.98,10,100,980,22.06896551724138
1,9,11437449424621348323800072240802156662,0.99,10,100,979,22.06896551724138
1,10,68177938145549352646274501439537052640,1.0,10,96,938,22.06896551724138
1,11,137150131846530106619696494546118795497,0.98,10,100,980,22.06896551724138
1,12,223105258579748366575622396832300126934,0.98,10,100,980,22.06896551724138
1,13,58064187568711063908347334357000860512,1.0,10,93,908,22.06896551724138
1,14,223676092646825314204671396151366946780,0.99,10,100,979,22.06896551724138
1,15,243304777682915936884243246453303596138,1.0,10,97,948,22.06896551724138
1,16,133975118674265603292404284790138443811,0.99,10,100,979,22.06896551724138
1,17,302285892898290692367387060891660239537,1.0,10,65,628,22.06896551724138
1,18,216255583494080789725319845746835621975,1.0,10,70,678,22.06896551724138
1,19,248625006251021019408013329922897763719,0.99,10,100,979,22.06896551724138
2,0,33585970576708352333423335735624472635,0.99,10,100,977,24.137931034482758
2,1,178405334313950844645804009225142705915,0.94,10,100,982,24.137931034482758
2,2,272530733001637328177997609331224164007,0.95,10,100,981,24.137931034482758
2,3,123188817780758782612909838386071920551,1.0,10,56,536,24.137931034482758
2,4,259765512632751994168899332933720103440,0.97,10,100,979,24.137931034482758
2,5,105307584774278534153858902436293924879,0.99,10,100,977,24.137931034482758
2,6,51657358617243858705387286985964132125,0.99,10,100,977,24.137931034482758
2,7,61482104103067589697734832782317309244,0.99,10,100,977,24.137931034482758
2,8,101548349987995201759691091344159196028,0.99,10,100,977,24.137931034482758
2,9,172591956186106965594566088259193603108,1.0,10,81,786,24.137931034482758
2,10,189378580932357281902653050436511853773,0.97,10,100,979,24.137931034482758
2,11,259516728517563188572320310039805153199,1.0,10,85,826,24.137931034482758
2,12,324430346150769720278897670548026951200,0.98,10,100,978,24.137931034482758
2,13,332090743463295182218905418645722083014,0.97,10,100,979,24.137931034482758
2,14,14979827989080560809598717808027289262,1.0,10,77,746,24.137931034482758
2,15,196811539070625281515336137686238880347,0.98,10,100,978,24.137931034482758
2,16,223190574500775703959849152313079707538,0.99,10,100,977,24.137931034482758
2,17,76959995317670872481806005141118575913,0.99,10,100,977,24.137931034482758
2,18,258058913275960577651440543165271043356,0.99,10,100,977,24.137931034482758
2,19,1749107822140191919582811599731468756,0.99,10,100,977,24.137931034482758
3,0,100663658442514736909977758738079188131,0.99,10,100,975,26.20689655172414
3,1,298739835176993865935414951882431365819,0.98,10,100,976,26.20689655172414
3,2,265948107239324697724985058448802880760,1.0,10,98,954,26.20689655172414
3,3,36675768111398629271193762829223625163,0.99,10,100,975,26.20689655172414
3,4,161008008805134835803790421239408862986,0.99,10,100,975,26.20689655172414
3,5,62899748910395338054911541442646344,0.98,10,100,976,26.20689655172414
3,6,306485732929930494947004841333635461236,1.0,10,72,694,26.20689655172414
3,7,328165772660422965941498597611251279446,1.0,10,81,784,26.20689655172414
3,8,324431362867275003259546755741265735041,1.0,10,69,664,26.20689655172414
3,9,132590708820251938271184338901468337174,0.99,10,100,975,26.20689655172414
3,10,227238119798575367191115945381222145503,1.0,10,80,774,26.20689655172414
3,11,29000083302545425770746762956062338688,0.99,10,100,975,26.20689655172414
3,12,80696561280963185808220209653450292043,0.99,10,100,975,26.20689655172414
3,13,251727506849920677804130454060582037659,0.94,10,100,980,26.20689655172414
3,14,196064990136887845983109666596380333508,0.99,10,100,975,26.20689655172414
3,15,35158519033388970155279034712623814743,1.0,10,62,594,26.20689655172414
3,16,81953122362928230092704604080080594572,1.0,10,97,944,26.20689655172414
3,17,83041386203695917470279531093852047336,0.97,10,100,977,26.20689655172414
3,18,67855302766645368737133380975413779017,0.96,10,100,978,26.20689655172414
3,19,17648653638612317392825865501169888236,0.99,10,100,975,26.20689655172414
4,0,266553066638041032278156259363577701298,0.98,10,100,974,28.27586206896552
4,1,317421015299841660584502248142092265229,0.98,10,100,974,28.27586206896552
4,2,242303010191824295232577470294598042541,1.0,10,65,622,28.27586206896552
4,3,121921213608117683162442625128144909193,0.95,10,100,977,28.27586206896552
4,4,285836339205227007048359576097684712396,0.97,10,100,975,28.27586206896552
4,5,235300998888210141093129413803627557060,0.97,10,100,975,28.27586206896552
4,6,190085438450866235933366536514072118497,1.0,10,78,752,28.27586206896552
4,7,162311198981948517927983269767015151907,1.0,10,91,882,28.27586206896552
4,8,63317535048214169647702197181446949806,0.98,10,100,974,28.27586206896552
4,9,12763473318324290468961847375119700589,0.97,10,100,975,28.27586206896552
4,10,160247656558232923746429306676040898856,1.0,10,97,942,28.27586206896552
4,11,90413415313483163999057230689832109191,0.99,10,100,973,28.27586206896552
4,12,66101993204829969201362504515834989321,0.97,10,100,975,28.27586206896552
4,13,15538075743522941385604653385931883592,0.97,10,100,975,28.27586206896552
4,14,197463070026704593853042379722789339684,0.98,10,100,974,28.27586206896552
4,15,16137007307963578174819614163163728025,0.98,10,100,974,28.27586206896552
4,16,235895530045138654542006777898407865300,0.98,10,100,974,28.27586206896552
4,17,25026234213844732721866960050995617225,1.0,10,95,922,28.27586206896552
4,18,285012205819628774784856648034860477874,1.0,10,96,932,28.27586206896552
4,19,108927765935326785572142240850722230495,0.99,10,100,973,28.27586206896552
5,0,148305194815953915106551750120574997804,0.93,10,100,977,30.3448275862069
5,1,275364352474104320313314152991493182488,0.99,10,100,971,30.3448275862069
5,2,283145940197477565725935116157309882848,1.0,10,93,900,30.3448275862069
5,3,78327158057731346117334763035822980678,0.95,10,100,975,30.3448275862069
5,4,189483976108795082710384379365845368212,0.98,10,100,972,30.3448275862069
5,5,295465186154630696817684890549093160019,0.97,10,100,973,30.3448275862069
5,6,236677354118592725624689723272891241553,0.96,10,100,974,30.3448275862069
5,7,339620283505856446718836213073716111536,1.0,10,98,950,30.3448275862069
5,8,310576978057968823989609577852605992638,1.0,10,87,840,30.3448275862069
5,9,233345390050525951012921762141216016418,0.99,10,100,971,30.3448275862069
5,10,76017136423325929207956114027323152236,0.97,10,100,973,30.3448275862069
5,11,71071865788481592607508607614662027434,0.98,10,100,972,30.3448275862069
5,12,94399566669106588192085409380538067984,0.99,10,100,971,30.3448275862069
5,13,254039963342188730218855505788276038626,1.0,10,94,910,30.3448275862069
5,14,96009104767633695029598830508749374987,0.99,10,100,971,30.3448275862069
5,15,28553127510523860819229324859148128609,0.97,10,100,973,30.3448275862069
5,16,72756118792462720432405063767042485400,1.0,10,96,930,30.3448275862069
5,17,94867234221229483065769147537827054905,0.99,10,100,971,30.3448275862069
5,18,270064461894187834734946754302057568655,0.99,10,100,971,30.3448275862069
5,19,125744393556891156909013129842223768542,0.99,10,100,971,30.3448275862069
6,0,202175737911134053695193879457944681771,0.97,10,100,971,32.41379310344828
6,1,282968268778745791350653220727895223364,0.99,10,100,969,32.41379310344828
6,2,136620955454592583202892092626887865892,1.0,10,89,858,32.41379310344828
6,3,319867017736076660045739209749641974190,0.98,10,100,970,32.41379310344828
6,4,31941524559963058076390309617352369236,0.99,10,100,969,32.41379310344828
6,5,327631007122039327880383671717635431771,1.0,10,90,868,32.41379310344828
6,6,203416955941427854144291341453633566577,0.99,10,100,969,32.41379310344828
6,7,175345204277908302514928813465220137847,1.0,10,91,878,32.41379310344828
6,8,265362507081796765133492346929867913472,0.95,10,100,973,32.41379310344828
6,9,182085614074673713351802108556665408269,1.0,10,74,708,32.41379310344828
6,10,172399795969933874337416370853324825562,1.0,10,94,908,32.41379310344828
6,11,139987800407154792761228396810408087099,0.99,10,100,969,32.41379310344828
6,12,132747205055094219212381706508920764852,0.99,10,100,969,32.41379310344828
6,13,136896952329371823084676926028735662840,0.96,10,100,972,32.41379310344828
6,14,257187228110319860514902292044096327681,1.0,10,87,838,32.41379310344828
6,15,274697869750453043957644540262401431270,0.96,10,100,972,32.41379310344828
6,16,143091797985423637814347647845076637510,0.94,10,100,974,32.41379310344828
6,17,6630123784161039474521070489702982141,0.97,10,100,971,32.41379310344828
6,18,121652982681330868602590215655847231698,0.98,10,100,970,32.41379310344828
6,19,260038332541130796829334119071635026798,0.96,10,100,972,32.41379310344828
7,0,326385544124399519073543708372682402287,1.0,10,90,866,34.48275862068966
7,1,110154411909061391320848891593455345784,0.99,10,100,967,34.48275862068966
7,2,299976668161556213471062122919202530891,0.97,10,100,969,34.48275862068966
7,3,96539425263330486197596192850019223220,1.0,10,87,836,34.48275862068966
7,4,201461527794100657381801135455260835678,0.97,10,100,969,34.48275862068966
7,5,337734384440503943106385415616300250907,0.96,10,100,970,34.48275862068966
7,6,18898425973230845222707241437898652409,0.98,10,100,968,34.48275862068966
7,7,68660553876453577621418234178875065886,1.0,10,99,956,34.48275862068966
7,8,207952247899439717951068914841094653121,1.0,10,70,666,34.48275862068966
7,9,229523681605025471305325986081796639085,1.0,10,61,576,34.48275862068966
7,10,42649347969526338944254434953065213292,0.97,10,100,969,34.48275862068966
7,11,147571283419760284526905500287883692796,0.97,10,100,969,34.48275862068966
7,12,63702862652032014076727989370169426226,0.99,10,100,967,34.48275862068966
7,13,33751148216679306037078601880462294536,0.98,10,100,968,34.48275862068966
7,14,284543832715391826320652750944404271369,1.0,10,98,946,34.48275862068966
7,15,248119593544970542274070501628256806185,0.97,10,100,969,34.48275862068966
7,16,52149391362602397260745412077474269765,1.0,10,79,756,34.48275862068966
7,17,171043164028456681092040597153324725126,0.98,10,100,968,34.48275862068966
7,18,105235930937744514113708772707084345151,0.99,10,100,967,34.48275862068966
7,19,57331677670683189413508312877061496662,0.99,10,100,967,34.48275862068966
8,0,24252099737736183273510110412808851500,0.99,10,100,965,36.55172413793104
8,1,266054172384358346699285317232478363413,0.98,10,100,966,36.55172413793104
8,2,30022219344250186280494927225082376230,0.95,10,100,969,36.55172413793104
8,3,197441406049599088688638075542558817824,0.96,10,100,968,36.55172413793104
8,4,112380752220044309718757121321184570623,1.0,10,73,694,36.55172413793104
8,5,288804965391681015543923553470990006950,0.95,10,100,969,36.55172413793104
8,6,182045537163007553267224433157824177398,1.0,10,85,814,36.55172413793104
8,7,262652177358724787704559599084377153683,0.97,10,100,967,36.55172413793104
8,8,216033572044721993588282540860625228051,1.0,10,77,734,36.55172413793104
8,9,31482007555315821783702006838541277531,0.98,10,100,966,36.55172413793104
8,10,18558201698776580824384885807366837668,1.0,10,75,714,36.55172413793104
8,11,41939925080414592900418223267158325458,0.98,10,100,966,36.55172413793104
8,12,304075092894519834949989422430636297270,0.97,10,100,967,36.55172413793104
8,13,166345722718896397608543073236385485724,1.0,10,81,774,36.55172413793104
8,14,34640656174102617707474798234728160194,1.0,10,89,854,36.55172413793104
8,15,175074423629028003900340235321873850579,1.0,10,75,714,36.55172413793104
8,16,99072910888531910822098941449979768450,0.96,10,100,968,36.55172413793104
8,17,307303483284422198138785723566572411600,0.95,10,100,969,36.55172413793104
8,18,327855363953599385576630989419121166020,0.99,10,100,965,36.55172413793104
8,19,127546174924718327198773132321051553772,0.99,10,100,965,36.55172413793104
9,0,38659276905892028904686937586778344388,0.98,10,100,964,38.62068965517242
9,1,117810623131739565314299790620273980610,1.0,10,97,932,38.62068965517242
9,2,136005199406719289637919268887844296776,0.96,10,100,966,38.62068965517242
9,3,19792846329960950376258712905366904079,1.0,10,97,932,38.62068965517242
9,4,212993027789617657765063693324662377308,1.0,10,67,632,38.62068965517242
9,5,16808088257997920113928085906330699875,1.0,10,96,922,38.62068965517242
9,6,314205110633867982962576828570488406091,1.0,10,98,942,38.62068965517242
9,7,60675751753809957925552688246324532746,0.99,10,100,963,38.62068965517242
9,8,119196020143529917979533022124540520004,0.99,10,100,963,38.62068965517242
9,9,324864636308480091144695228564355357891,1.0,10,74,702,38.62068965517242
9,10,124350280450046474977919288724066654106,0.99,10,100,963,38.62068965517242
9,11,336164951016110220866464261018780627712,0.99,10,100,963,38.62068965517242
9,12,325492246476859863735010433762410677961,1.0,10,81,772,38.62068965517242
9,13,142105235647853846373310372804711947472,0.99,10,100,963,38.62068965517242
9,14,268155130363902725647625049080367573901,0.99,10,100,963,38.62068965517242
9,15,182647696644347065232428007570044968599,0.96,10,100,966,38.62068965517242
9,16,260248691441373550670671633854290690554,1.0,10,99,952,38.62068965517242
9,17,7945755341030148092944421100029258375,0.98,10,100,964,38.62068965517242
9,18,195166883946264766626447472562861195345,0.99,10,100,963,38.62068965517242
9,19,114546428705575793560499996338215362130,0.95,10,100,967,38.62068965517242
10,0,33368760259007124464099965436805355986,0.97,10,100,963,40.689655172413794
10,1,276488873811382138451900638889481924352,0.98,10,100,962,40.689655172413794
10,2,121341467301037498167807884751833348232,1.0,10,91,870,40.689655172413794
10,3,133287531215551940415123408373261134425,0.99,10,100,961,40.689655172413794
10,4,101230053423535585275719200238828439128,0.96,10,100,964,40.689655172413794
10,5,91665541752476591650081204308526789260,1.0,10,89,850,40.689655172413794
10,6,49414275824566785324105091176037514423,1.0,10,94,900,40.689655172413794
10,7,240960238511396201687561334859091963041,0.91,10,100,969,40.689655172413794
10,8,166874407516456981429870598847195379897,1.0,10,82,780,40.689655172413794
10,9,262408189111814964305986677005273162079,0.95,10,100,965,40.689655172413794
10,10,300519062562750755755782280063007093224,0.99,10,100,961,40.689655172413794
10,11,65073885515212839416976248281833977068,1.0,10,93,890,40.689655172413794
10,12,276228525936814531665702305014084662786,0.95,10,100,965,40.689655172413794
10,13,297602510596643380240727157939030757495,0.99,10,100,961,40.689655172413794
10,14,206391349068606868697592816075164714243,0.98,10,100,962,40.689655172413794
10,15,215563798600168188004718579721999705460,0.95,10,100,965,40.689655172413794
10,16,66467253699799226303856293584717896761,0.98,10,100,962,40.689655172413794
10,17,165126337933562792046246083955166885356,1.0,10,79,750,40.689655172413794
10,18,202729911448044570810662854449484273022,1.0,10,89,850,40.689655172413794
10,19,155538179979748920385518157051764946745,0.99,10,100,961,40.689655172413794
11,0,231415150269227285711983399235295823681,1.0,10,97,928,42.75862068965518
11,1,266995784416541762577581998633908771454,0.93,10,100,965,42.75862068965518
11,2,222023230819331655099933778539246022488,0.99,10,100,959,42.75862068965518
11,3,166607667647739041107279622889605534764,1.0,10,100,958,42.75862068965518
11,4,262764954499528123756491530881346058568,0.95,10,100,963,42.75862068965518
11,5,181126870474775075209430793440048856499,0.94,10,100,964,42.75862068965518
11,6,115778128294710050511693021504171995448,0.95,10,100,963,42.75862068965518
11,7,65837972103819279936730908720553855858,0.98,10,100,960,42.75862068965518
11,8,297074875422442220680923590735525184135,0.99,10,100,959,42.75862068965518
11,9,46561119766471041995654558581015080146,0.96,10,100,962,42.75862068965518
11,10,69018370033685202496200671671296053665,1.0,10,74,698,42.75862068965518
11,11,264100216328200191089853236966972853936,0.98,10,100,960,42.75862068965518
11,12,276083183640334562431037046449256333929,1.0,10,98,938,42.75862068965518
11,13,105948294816369638992215574459135884630,0.99,10,100,959,42.75862068965518
11,14,174360588248558795800270265034187898612,1.0,10,97,928,42.75862068965518
11,15,221537521262809410138163303775250602408,1.0,10,87,828,42.75862068965518
11,16,39292002972470183299168137072548279544,1.0,10,91,868,42.75862068965518
11,17,9713367273421870444992616745843808886,1.0,10,87,828,42.75862068965518
11,18,144859252460902395248240251868634728564,0.98,10,100,960,42.75862068965518
11,19,213653812968222112983011869765033251666,0.96,10,100,962,42.75862068965518
12,0,24086644533597067343071670959885287646,0.97,10,100,959,44.827586206896555
12,1,217931705512690154125819967375353600372,0.99,10,100,957,44.827586206896555
12,2,40846065185796102316785073737727245257,0.98,10,100,958,44.827586206896555
12,3,90681596792274812552662207316297440633,0.98,10,100,958,44.827586206896555
12,4,331257964250160623292418122639699293124,0.96,10,100,960,44.827586206896555
12,5,120601584104313222920193367161641662032,0.98,10,100,958,44.827586206896555
12,6,35290119133972541328159354922260048161,0.94,10,100,962,44.827586206896555
12,7,45367313683638495552299113257707072206,0.99,10,100,957,44.827586206896555
12,8,119278892890156515819204797407013817361,1.0,10,96,916,44.827586206896555
12,9,44880338632681063098531868912884356320,0.91,10,100,965,44.827586206896555
12,10,67320999366064549183399464662717076406,0.93,10,100,963,44.827586206896555
12,11,239724709969126486502753016960390267928,0.96,10,100,960,44.827586206896555
12,12,123218372560461334404854598764957901789,1.0,10,99,946,44.827586206896555
12,13,194226956271516519724677090709085402308,0.95,10,100,961,44.827586206896555
12,14,261926003830681527185541810903144283377,0.97,10,100,959,44.827586206896555
12,15,293579437472603885429704032450002992394,1.0,10,91,866,44.827586206896555
12,16,174715988812174314575890278673019274776,0.88,10,100,968,44.827586206896555
12,17,42418010733291160952052513984485367958,0.99,10,100,957,44.827586206896555
12,18,459006921218260607372059316000646094,0.98,10,100,958,44.827586206896555
12,19,198784787103086198744060108742363321449,0.97,10,100,959,44.827586206896555
13,0,11542238790405387277469581301470454842,0.99,10,100,955,46.896551724137936
13,1,58095015707982821649006125870001508406,0.98,10,100,956,46.896551724137936
13,2,285158319624600090844998892500762750935,1.0,10,90,854,46.896551724137936
13,3,284502426888941850897305946559504440121,0.92,10,100,962,46.896551724137936
13,4,32414041774197993256047080761221353379,1.0,10,85,804,46.896551724137936
13,5,289919406596154366816309660632804142069,0.99,10,100,955,46.896551724137936
13,6,132050486701401539402691730445579446572,0.99,10,100,955,46.896551724137936
13,7,195088396007677917466781631450411882746,0.96,10,100,958,46.896551724137936
13,8,60358820695302712182580337331036717538,0.97,10,100,957,46.896551724137936
13,9,155353208025633459908666149956099570436,0.99,10,100,955,46.896551724137936
13,10,167570241524295391902449577385282322458,0.94,10,100,960,46.896551724137936
13,11,190712483773682778652368450394157821399,0.94,10,100,960,46.896551724137936
13,12,42781720808374821335966775549239913521,1.0,10,100,954,46.896551724137936
13,13,75138385725583928991614623285060812759,0.98,10,100,956,46.896551724137936
13,14,139635607517100337844534888684382692531,0.97,10,100,957,46.896551724137936
13,15,51620525767802585805580010231283435415,0.99,10,100,955,46.896551724137936
13,16,78490392972762682178811264689484824062,1.0,10,94,894,46.896551724137936
13,17,77549436427082332983494338397856868227,0.99,10,100,955,46.896551724137936
13,18,307146862583212380948770146579421971597,1.0,10,76,714,46.896551724137936
13,19,195718485301223109731174659877343249488,1.0,10,67,624,46.896551724137936
14,0,289630967387632686868487807174724020014,1.0,10,91,862,48.96551724137932
14,1,254085056029622571679482171368560103327,0.98,10,100,954,48.96551724137932
14,2,311879880029589048730559306298048094807,0.97,10,100,955,48.96551724137932
14,3,134988651134157657825807991028642938573,1.0,10,97,922,48.96551724137932
14,4,165887944234008744098232141025180048774,1.0,10,80,752,48.96551724137932
14,5,66717427114335011241601986916971644743,0.99,10,100,953,48.96551724137932
14,6,293643571478201211971563639223415516295,1.0,10,92,872,48.96551724137932
14,7,2262307548483047267767223796882600698,0.99,10,100,953,48.96551724137932
14,8,86651001534066014791592993801317238595,0.99,10,100,953,48.96551724137932
14,9,197454055900807670200629136796489883179,0.99,10,100,953,48.96551724137932
14,10,289217259962812746523230118022831424439,1.0,10,98,932,48.96551724137932
14,11,12873690874284282835376066898212353605,0.99,10,100,953,48.96551724137932
14,12,135090202268792867369991808719868214280,0.98,10,100,954,48.96551724137932
14,13,42460213409291626837143421631467220927,1.0,10,77,722,48.96551724137932
14,14,62854697361086713036388436505097784970,0.95,10,100,957,48.96551724137932
14,15,116435254672364346505625567461240614815,0.97,10,100,955,48.96551724137932
14,16,195640783445685512638981683330955278526,0.98,10,100,954,48.96551724137932
14,17,188227199924043120019960105343996016901,0.99,10,100,953,48.96551724137932
14,18,187129296349049300991662830587644562566,0.97,10,100,955,48.96551724137932
14,19,105071654176628022697214903871260216020,0.91,10,100,961,48.96551724137932
15,0,320089994974008299535000905390630902634,0.99,10,100,950,51.034482758620705
15,1,146514706916468440569188226351089878864,0.97,10,100,952,51.034482758620705
15,2,257575466506285035251466369582991428057,0.99,10,100,950,51.034482758620705
15,3,173284643697072519301092082272336716388,1.0,10,90,849,51.034482758620705
15,4,201163964223837579593575733520860398222,0.98,10,100,951,51.034482758620705
15,5,246708344370714904518622108522384999401,0.98,10,100,951,51.034482758620705
15,6,19395413104600825547716948805181165481,0.95,10,100,954,51.034482758620705
15,7,29652761122216075426734678377299854608,0.97,10,100,952,51.034482758620705
15,8,137599180234778203554657834588528375782,0.94,10,100,955,51.034482758620705
15,9,290453347003040255921511742050804415242,0.98,10,100,951,51.034482758620705
15,10,276691670086787174388860569688679124639,1.0,10,71,659,51.034482758620705
15,11,333447643371725413899848917823267439365,1.0,10,95,899,51.034482758620705
15,12,54749316847992776865361995866243396932,1.0,10,89,839,51.034482758620705
15,13,187726390108526243152519992187062056524,0.94,10,100,955,51.034482758620705
15,14,121384983049674695001192680124446385490,1.0,10,95,899,51.034482758620705
15,15,37367905093537151045482939578094129783,0.96,10,100,953,51.034482758620705
15,16,328183154451441810961968133437756678754,0.92,10,100,957,51.034482758620705
15,17,97470938005278929146376382783547521079,0.98,10,100,951,51.034482758620705
15,18,84935292544979603635032800046734744120,0.99,10,100,950,51.034482758620705
15,19,271629353928947257529689124689659171819,0.98,10,100,951,51.034482758620705
16,0,321163883384786835503753284346086449246,1.0,10,93,877,53.10344827586208
16,1,19402915629366310650423433165689958334,0.98,10,100,949,53.10344827586208
16,2,103472874082227409158460658972748460969,0.99,10,100,948,53.10344827586208
16,3,106475292750689705282011239519846065195,1.0,10,79,737,53.10344827586208
16,4,69861913351889355040676612521445058528,0.96,10,100,951,53.10344827586208
16,5,324041360077714439378291451828009072257,0.99,10,100,948,53.10344827586208
16,6,204705345622030548342192061861714785151,0.97,10,100,950,53.10344827586208
16,7,147261216396380201504279454076503396036,1.0,10,86,807,53.10344827586208
16,8,280846642807407643844607500155180404231,0.98,10,100,949,53.10344827586208
16,9,226567178437775101927696184421132015083,0.95,10,100,952,53.10344827586208
16,10,324250999582624949098005373185797259091,0.96,10,100,951,53.10344827586208
16,11,72836958813736299432294439919415456218,0.98,10,100,949,53.10344827586208
16,12,148721694465633120478583134275647045178,0.99,10,100,948,53.10344827586208
16,13,24775518265989365126213037076295236611,0.95,10,100,952,53.10344827586208
16,14,111983971043821037167666247277769504954,0.92,10,100,955,53.10344827586208
16,15,24541514114817725070102332457375749468,0.98,10,100,949,53.10344827586208
16,16,248704178534280537862744157912127581993,0.99,10,100,948,53.10344827586208
16,17,276827346270454710962016866764317920248,0.96,10,100,951,53.10344827586208
16,18,226111418978394399527110722606077471961,0.98,10,100,949,53.10344827586208
16,19,292577639999845253151742994842095419621,0.99,10,100,948,53.10344827586208
17,0,129928070723946370480505670173244238579,0.97,10,100,948,55.172413793103445
17,1,122836837162144096547099294163032006817,0.98,10,100,947,55.172413793103445
17,2,332389468682274770983438436294958571157,0.94,10,100,951,55.172413793103445
17,3,306709584537247976480434403666731285951,0.98,10,100,947,55.172413793103445
17,4,27294955015724473240611772789739873729,0.97,10,100,948,55.172413793103445
17,5,312965478034122560689188889587882161270,0.98,10,100,947,55.172413793103445
17,6,116288202200281380239656679153889763224,1.0,10,86,805,55.172413793103445
17,7,316435500967735609776845359433213657813,0.98,10,100,947,55.172413793103445
17,8,22424362845073109897460429244105327050,0.98,10,100,947,55.172413793103445
17,9,328493129983151838828360973197358338743,0.98,10,100,947,55.172413793103445
17,10,16761212601221973239040491864321982337,0.98,10,100,947,55.172413793103445
17,11,69669086691331258518786231453887037774,0.93,10,100,952,55.172413793103445
17,12,59934881763595647162381945360239747309,0.97,10,100,948,55.172413793103445
17,13,100627491331765231404072464902457589958,0.94,10,100,951,55.172413793103445
17,14,135043491902634830880247094494086249919,1.0,10,81,755,55.172413793103445
17,15,241504686961171291097734998550189795175,0.98,10,100,947,55.172413793103445
17,16,306580417574744364390736189100336468027,1.0,10,88,825,55.172413793103445
17,17,183901374439088588076480819124630224486,0.99,10,100,946,55.172413793103445
17,18,36691654130537304425021775306357438420,0.97,10,100,948,55.172413793103445
17,19,261362178866735027238387162107759918333,0.98,10,100,947,55.172413793103445
18,0,184175527572142615311264564332429689785,0.97,10,100,946,57.24137931034483
18,1,150607246504128241267738165952110703281,1.0,10,88,823,57.24137931034483
18,2,301445512542003391230774684209012967615,1.0,10,99,933,57.24137931034483
18,3,110645500319631984672994998244344061294,1.0,10,85,793,57.24137931034483
18,4,288562018828687811246961185587905845805,0.89,10,100,954,57.24137931034483
18,5,204678574603101962164888532859582463878,1.0,10,86,803,57.24137931034483
18,6,63477438404071864703681628069422577582,0.91,10,100,952,57.24137931034483
18,7,24671181339344395307984965866897935705,0.96,10,100,947,57.24137931034483
18,8,145031213931347843247243203107350722452,0.94,10,100,949,57.24137931034483
18,9,202292605569571906029700000984781291151,0.98,10,100,945,57.24137931034483
18,10,200321498789238202609242495499625464158,0.98,10,100,945,57.24137931034483
18,11,315896757016970545877701437524278486172,0.98,10,100,945,57.24137931034483
18,12,61767622132040733855609108906187162831,0.94,10,100,949,57.24137931034483
18,13,217200702865367668099115056903061184829,0.98,10,100,945,57.24137931034483
18,14,333881595627233892308042040147793294799,0.98,10,100,945,57.24137931034483
18,15,332817897938277079449771216893894503081,0.99,10,100,944,57.24137931034483
18,16,286099154319204694724977674771225367804,1.0,10,100,943,57.24137931034483
18,17,146136846771031877577330580958918220095,0.94,10,100,949,57.24137931034483
18,18,127107603722199592469008350843542964721,0.98,10,100,945,57.24137931034483
18,19,50189061457997205799884262301607202422,0.96,10,100,947,57.24137931034483
19,0,26337762024298310094603004398965021732,0.99,10,100,942,59.31034482758621
19,1,317778106315721383955658759152531470176,0.87,10,100,954,59.31034482758621
19,2,41225281968494688174975868935358089118,0.97,10,100,944,59.31034482758621
19,3,255926245753056917455538359110960477473,0.99,10,100,942,59.31034482758621
19,4,310998764464221148175360364970546311708,0.89,10,100,952,59.31034482758621
19,5,145337544077525099481239075459773304418,0.99,10,100,942,59.31034482758621
19,6,290891179564321965240769687047498062000,0.99,10,100,942,59.31034482758621
19,7,261037139150364384307944147325848887017,0.96,10,100,945,59.31034482758621
19,8,105128095302052567265538299996975351389,0.92,10,100,949,59.31034482758621
19,9,312722740985895409566550227014824812022,0.98,10,100,943,59.31034482758621
19,10,147183758882075752109368795776556772078,0.99,10,100,942,59.31034482758621
19,11,163754602496550927908895176823552995853,0.99,10,100,942,59.31034482758621
19,12,309524690669303593633482670352490109370,0.99,10,100,942,59.31034482758621
19,13,33215426239638400332101171842209908207,1.0,10,75,691,59.31034482758621
19,14,107789753850057577516242776316541819242,0.99,10,100,942,59.31034482758621
19,15,205133575062691753362790440302110290048,0.98,10,100,943,59.31034482758621
19,16,62805987333530044385908917503750463350,0.93,10,100,948,59.31034482758621
19,17,327035759052533965519348496679797005955,0.98,10,100,943,59.31034482758621
19,18,62263535932128190581080929027019486967,0.98,10,100,943,59.31034482758621
19,19,93486697615659391541515641234589270776,0.95,10,100,946,59.31034482758621
20,0,326997133362213173386960964027506167062,0.98,10,100,941,61.3793103448276
20,1,304197505978826019750232279982931967275,0.94,10,100,945,61.3793103448276
20,2,14596116676641521575488594590314756971,0.88,10,100,951,61.3793103448276
20,3,191789261473325741251129814150843238429,0.95,10,100,944,61.3793103448276
20,4,118603764002970980145754901638719241959,0.97,10,100,942,61.3793103448276
20,5,79067558133035903275626708305817925574,0.91,10,100,948,61.3793103448276
20,6,237661953385411897970738710554232754523,0.92,10,100,947,61.3793103448276
20,7,306692093511366815021107867814974833387,0.97,10,100,942,61.3793103448276
20,8,16839674528585735386546410761696020856,1.0,10,96,899,61.3793103448276
20,9,150853448941867733961290885365735596737,0.95,10,100,944,61.3793103448276
20,10,207492843979107874818504010845633233014,1.0,10,99,929,61.3793103448276
20,11,251280908946890622945211020226988083787,0.94,10,100,945,61.3793103448276
20,12,74196807464330511971488108784360409213,0.93,10,100,946,61.3793103448276
20,13,123630606855879924392397162934666829795,0.94,10,100,945,61.3793103448276
20,14,339888196841987355456756113169339168028,0.97,10,100,942,61.3793103448276
20,15,31192503510971333174055639243560563155,0.91,10,100,948,61.3793103448276
20,16,259933450492518706071381834330891226585,0.92,10,100,947,61.3793103448276
20,17,77810891736656298902686077458441114713,0.99,10,100,940,61.3793103448276
20,18,71100640722676540558397431242259991848,0.96,10,100,943,61.3793103448276
20,19,69480864652970285706858538092731937910,0.99,10,100,940,61.3793103448276
21,0,269480071348681825098269055191953546550,0.94,10,100,943,63.44827586206898
21,1,144925797423170400630492326876965935451,0.98,10,100,939,63.44827586206898
21,2,43782562741663439032880620522744990658,1.0,10,78,717,63.44827586206898
21,3,68329838427585168825380042703685543404,0.99,10,100,938,63.44827586206898
21,4,53950774302351295924674952616410394237,1.0,10,78,717,63.44827586206898
21,5,258010548774995240200790695799867472367,0.93,10,100,944,63.44827586206898
21,6,340163950955429121159025973920894138560,0.99,10,100,938,63.44827586206898
21,7,46736167320508769522225121646702941243,0.97,10,100,940,63.44827586206898
21,8,7596794717502697418888283300523351392,0.99,10,100,938,63.44827586206898
21,9,199296696310950029713983635115506987591,0.92,10,100,945,63.44827586206898
21,10,286561936324759081764253544796565775060,0.98,10,100,939,63.44827586206898
21,11,143431878044002588362980566780694117332,0.99,10,100,938,63.44827586206898
21,12,139072742447040277789574884730976723202,0.98,10,100,939,63.44827586206898
21,13,55755084924271461378069440157241312198,0.99,10,100,938,63.44827586206898
21,14,91523136463260628305805688554515283799,0.97,10,100,940,63.44827586206898
21,15,106737626517988785233940328074008107400,0.99,10,100,938,63.44827586206898
21,16,137044300655782725488576347365426395900,1.0,10,98,917,63.44827586206898
21,17,95195555614814406674140706481875081653,0.97,10,100,940,63.44827586206898
21,18,110236651388878219813961604089288135207,0.98,10,100,939,63.44827586206898
21,19,289699372589531571197402477651725470197,0.97,10,100,940,63.44827586206898
22,0,72563036346464904772204589659134794235,0.93,10,100,942,65.51724137931035
22,1,4267573610118343043988673966733229568,1.0,10,86,795,65.51724137931035
22,2,56182161774401182616067381577141983032,0.99,10,100,936,65.51724137931035
22,3,260011003318895744197296130576123242323,1.0,10,99,925,65.51724137931035
22,4,56547859594113355482507767643256598722,0.95,10,100,940,65.51724137931035
22,5,334056656902534755486425681745818741760,0.94,10,100,941,65.51724137931035
22,6,174749136268199573492386569254118508663,1.0,10,99,925,65.51724137931035
22,7,329191944897238793017192155190182401003,0.94,10,100,941,65.51724137931035
22,8,198166236837485296886099703440903123976,0.97,10,100,938,65.51724137931035
22,9,80790814549454343294543033145053256988,0.94,10,100,941,65.51724137931035
22,10,222198209137245451785588231208119787357,0.95,10,100,940,65.51724137931035
22,11,64694132147399097033948745303924567906,0.95,10,100,940,65.51724137931035
22,12,69060408001367470603107676469230581138,0.95,10,100,940,65.51724137931035
22,13,323170524993638217754818607286750248682,0.96,10,100,939,65.51724137931035
22,14,279224986664055219759006091581538009696,0.97,10,100,938,65.51724137931035
22,15,62404124184170175830299590883837991438,0.97,10,100,938,65.51724137931035
22,16,107760069941565993033420266226053251963,0.94,10,100,941,65.51724137931035
22,17,237082855169438454101981585851595356963,0.97,10,100,938,65.51724137931035
22,18,295467353264723978064027902342230364349,0.99,10,100,936,65.51724137931035
22,19,328238737395323774941399320581899871459,0.96,10,100,939,65.51724137931035
23,0,58873028463140872177837899775434852491,0.98,10,100,935,67.58620689655173
23,1,315137262640774265131944228842964998614,0.92,10,100,941,67.58620689655173
23,2,193225565958843918254664502637438714886,1.0,10,85,783,67.58620689655173
23,3,336214803570254719560766004376751101958,0.94,10,100,939,67.58620689655173
23,4,313343025279398982553271065004929458099,1.0,10,96,893,67.58620689655173
23,5,170014718436537193188440770651645236223,1.0,10,76,693,67.58620689655173
23,6,14531766681673433734632574084733264435,0.94,10,100,939,67.58620689655173
23,7,74635713755499997739101427544005449088,0.98,10,100,935,67.58620689655173
23,8,266944138205398879409362698812169812518,1.0,10,90,833,67.58620689655173
23,9,248981928666464592150392145939847176732,0.99,10,100,934,67.58620689655173
23,10,241620944081068545833790705071978629447,0.99,10,100,934,67.58620689655173
23,11,325941492576459525121683484229106102656,0.97,10,100,936,67.58620689655173
23,12,163088195090080430837650188956049423000,0.98,10,100,935,67.58620689655173
23,13,332447891064330787891463502389241237492,0.98,10,100,935,67.58620689655173
23,14,51810046505031051254741840338348018290,0.96,10,100,937,67.58620689655173
23,15,225409064328894523333137351107946189184,0.97,10,100,936,67.58620689655173
23,16,230958115224034583799577229361309311168,0.98,10,100,935,67.58620689655173
23,17,12713933365679194042574320354636370758,0.88,10,100,945,67.58620689655173
23,18,20793302913391683932115162754550285308,0.91,10,100,942,67.58620689655173
23,19,138192744673267719587044886152111930062,0.99,10,100,934,67.58620689655173
24,0,241906509157638555293698877415354179073,0.87,10,100,944,69.65517241379311
24,1,167340741161789477602069230871183645086,0.92,10,100,939,69.65517241379311
24,2,79972537528897878345461893414723319119,0.92,10,100,939,69.65517241379311
24,3,26084488634051285288906191853239127925,0.98,10,100,933,69.65517241379311
24,4,319629614210752710285646698250229722533,0.99,10,100,932,69.65517241379311
24,5,151444623426606778375755609567598677452,0.91,10,100,940,69.65517241379311
24,6,284190422288879297327649873051612424067,0.99,10,100,932,69.65517241379311
24,7,168219162396663989503420287415541588240,0.96,10,100,935,69.65517241379311
24,8,251776407611708720338388994289353722084,0.87,10,100,944,69.65517241379311
24,9,108463193730148562847797417103334842898,0.91,10,100,940,69.65517241379311
24,10,46546504093253195557745113014863804810,0.95,10,100,936,69.65517241379311
24,11,55635513444663431915984687211927587704,0.96,10,100,935,69.65517241379311
24,12,305037288200813078049607340842486173212,0.98,10,100,933,69.65517241379311
24,13,111355229570240807003606295968006517643,0.99,10,100,932,69.65517241379311
24,14,166573125528069496256427294702039983143,0.99,10,100,932,69.65517241379311
24,15,246585164202427329558895154755070452182,0.88,10,100,943,69.65517241379311
24,16,106356286096908154397684666403315207318,0.97,10,100,934,69.65517241379311
24,17,148488648433387930947848644614617298638,0.98,10,100,933,69.65517241379311
24,18,317647639223792760275717870345032865655,0.96,10,100,935,69.65517241379311
24,19,55644296267187580760931466046807286776,0.99,10,100,932,69.65517241379311
25,0,316388832423255679976672024614912700115,0.95,10,100,934,71.72413793103449
25,1,280270499275375498275399301057628720365,0.92,10,100,937,71.72413793103449
25,2,146592736379278386055132597563809392735,0.98,10,100,931,71.72413793103449
25,3,34939281160393326693768703109888679688,0.96,10,100,933,71.72413793103449
25,4,218519541851542384802808901052590660237,1.0,10,80,729,71.72413793103449
25,5,257785510963070627873016348448266939205,0.97,10,100,932,71.72413793103449
25,6,18774509840352100611300775226093095974,1.0,10,99,919,71.72413793103449
25,7,253732021365676688677681061752671835975,0.93,10,100,936,71.72413793103449
25,8,106026895751047057446812135944972549240,0.98,10,100,931,71.72413793103449
25,9,216096595601779145981879479202823419287,0.96,10,100,933,71.72413793103449
25,10,315564822546081190852186086068667341676,0.93,10,100,936,71.72413793103449
25,11,142892871654627965815249305670387051904,0.97,10,100,932,71.72413793103449
25,12,3821945152820844376954449768631315653,0.93,10,100,936,71.72413793103449
25,13,282246296089681567749822185144560880985,0.96,10,100,933,71.72413793103449
25,14,66517672266612869822868322909010743410,0.89,10,100,940,71.72413793103449
25,15,268072945011816925839197644075356066556,0.99,10,100,930,71.72413793103449
25,16,185885659809898292637676790821817976632,0.96,10,100,933,71.72413793103449
25,17,261041314244454400549550432378093179729,0.99,10,100,930,71.72413793103449
25,18,103709745886999130659621299231814097936,0.8,10,100,949,71.72413793103449
25,19,57829458077985606126198156137178441349,1.0,10,88,809,71.72413793103449
26,0,313081066431808410563149971256071795045,1.0,10,97,897,73.79310344827587
26,1,201121357015958637763919788247977438619,0.99,10,100,928,73.79310344827587
26,2,129959116374801397653409573661084987449,0.97,10,100,930,73.79310344827587
26,3,270737094951729459509975409355301841740,0.99,10,100,928,73.79310344827587
26,4,169209602610634254288123935919438022384,0.96,10,100,931,73.79310344827587
26,5,174467348028642808420989629658517754675,0.91,10,100,936,73.79310344827587
26,6,300397036885549722851016047886739348702,0.96,10,100,931,73.79310344827587
26,7,221273050678893224225407167621254913126,0.86,10,100,941,73.79310344827587
26,8,184713223434897917381993759574853142165,0.99,10,100,928,73.79310344827587
26,9,225623553594431765702383034534645662516,0.97,10,100,930,73.79310344827587
26,10,33684264361871644924457613223481937864,0.99,10,100,928,73.79310344827587
26,11,30879820060922750363117444213376865939,0.99,10,100,928,73.79310344827587
26,12,264713526611022376590254015014324331748,0.88,10,100,939,73.79310344827587
26,13,145576151609402800033085397044555847171,0.91,10,100,936,73.79310344827587
26,14,56779463185741726369569220385005559197,0.98,10,100,929,73.79310344827587
26,15,200375365352684670213732859668878725904,0.96,10,100,931,73.79310344827587
26,16,236221449015159380203869850858828389065,0.96,10,100,931,73.79310344827587
26,17,117745139372136065624373776444593682002,0.98,10,100,929,73.79310344827587
26,18,36964056692162064333362012169192004149,0.99,10,100,928,73.79310344827587
26,19,334454415904129865021106320683288874864,1.0,10,98,907,73.79310344827587
27,0,305302586610035381882940605985253134614,0.93,10,100,932,75.86206896551727
27,1,126851160181515496621588307243246556105,0.94,10,100,931,75.86206896551727
27,2,294380784451150006746345483773899692030,0.95,10,100,930,75.86206896551727
27,3,35560390864319228236051730811065674057,0.97,10,100,928,75.86206896551727
27,4,28279159926624741773340723056130858969,0.9,10,100,935,75.86206896551727
27,5,201367530585084523460431096606121923540,0.94,10,100,931,75.86206896551727
27,6,202745229167859789130970734421820405661,0.97,10,100,928,75.86206896551727
27,7,178540527674371373928190053034496747232,0.81,10,100,944,75.86206896551727
27,8,234558421877624276200541475529270945553,0.93,10,100,932,75.86206896551727
27,9,162924158370952139839082522693005242325,0.93,10,100,932,75.86206896551727
27,10,247735965275772004080764067880268574247,0.94,10,100,931,75.86206896551727
27,11,12476607400435961558228262675565344850,0.96,10,100,929,75.86206896551727
27,12,7595726570327338316436880614818799480,0.98,10,100,927,75.86206896551727
27,13,264724655489049883437646060853862984697,1.0,10,96,885,75.86206896551727
27,14,101107025097093238373619013049312094014,0.99,10,100,926,75.86206896551727
27,15,34634054466177974435321243308046800284,0.98,10,100,927,75.86206896551727
27,16,9586659992323845083807744573161449438,0.89,10,100,936,75.86206896551727
27,17,89975224059067894908793868633724236815,0.98,10,100,927,75.86206896551727
27,18,317005598217318345311644205377390782221,0.95,10,100,930,75.86206896551727
27,19,180159128864009883241264970881401819031,1.0,10,99,915,75.86206896551727
28,0,11383267063512927024439626553148953460,0.97,10,100,926,77.93103448275862
28,1,261125266890156912763248443720814099601,0.9,10,100,933,77.93103448275862
28,2,203429550553982226266825178942548309276,0.96,10,100,927,77.93103448275862
28,3,314328840532612471530479666704089207527,0.91,10,100,932,77.93103448275862
28,4,217745201891836385464101964666451909715,0.98,10,100,925,77.93103448275862
28,5,86223449207260138428975219878070849465,0.88,10,100,935,77.93103448275862
28,6,286139642416222733633175187087431039290,0.99,10,100,924,77.93103448275862
28,7,313061949974524537230435218636360258316,0.91,10,100,932,77.93103448275862
28,8,13310371888523349618730484283549311503,0.98,10,100,925,77.93103448275862
28,9,235538507004045945225018757211027079592,1.0,10,94,863,77.93103448275862
28,10,336139162258340606510389835532867052615,0.86,10,100,937,77.93103448275862
28,11,231237211330577334462785511254429000385,0.98,10,100,925,77.93103448275862
28,12,194538169635429145652472603987932772235,0.98,10,100,925,77.93103448275862
28,13,157246298591407610144230994294831202485,0.95,10,100,928,77.93103448275862
28,14,157785824714420451655678375273632176860,1.0,10,73,653,77.93103448275862
28,15,286785543053953538904291058366204519512,0.96,10,100,927,77.93103448275862
28,16,304991009301804090967673597695626905283,0.97,10,100,926,77.93103448275862
28,17,88962340189232069537413380912736784260,0.96,10,100,927,77.93103448275862
28,18,69746918529923008149436928153612674831,0.95,10,100,928,77.93103448275862
28,19,145563641892808268864236960085920740595,0.9,10,100,933,77.93103448275862
29,0,338329036351927512601186054894374107344,0.88,10,100,932,80.0
29,1,243919376106609654298075467535145977471,0.94,10,100,926,80.0
29,2,271910509439403474630292598105649443241,0.96,10,100,924,80.0
29,3,30695633798954433054254058829127743141,0.97,10,100,923,80.0
29,4,192462219904555081117382586863560997611,0.94,10,100,926,80.0
29,5,46160541065898454329382257448949474337,0.96,10,100,924,80.0
29,6,109635902697197191321756711547963614837,0.99,10,100,921,80.0
29,7,242747315389084585322444219480752513497,0.97,10,100,923,80.0
29,8,319247693916395210966295323111156956813,0.95,10,100,925,80.0
29,9,222337604772459606523532653288385560738,0.99,10,100,921,80.0
29,10,220691136759035333618432921922478783672,0.99,10,100,921,80.0
29,11,250476986940551549341080302432500820388,0.99,10,100,921,80.0
29,12,203009314833421339490877560160016601189,1.0,10,100,920,80.0
29,13,127065860071675829935573897148165553539,0.95,10,100,925,80.0
29,14,182627355894987683313664319134908831369,0.91,10,100,929,80.0
29,15,297453795639499787061441173331120950694,0.91,10,100,929,80.0
29,16,262712263029396008343289096065870832517,0.99,10,100,921,80.0
29,17,116953650001060464470109331693228968177,0.89,10,100,931,80.0
29,18,154629732940615849071816086834773732030,0.92,10,100,928,80.0
29,19,43935775295418091978750989047574505954,0.89,10,100,931,80.0
